id,expected_label,predicted_label,raw_score,final_score,decision_source,security_adjustments,content_signals,elapsed_ms,category,correct
external-v2-0001,legitimate,legitimate,0.00019089598208665848,0.0002,hybrid_model_and_security_rules,[],[],163.44619999972565,other_legitimate,True
external-v2-0002,legitimate,legitimate,0.013677411712706089,0.0137,hybrid_model_and_security_rules,[],[],25.292700000136392,other_legitimate,True
external-v2-0003,legitimate,legitimate,0.002325025387108326,0.0023,hybrid_model_and_security_rules,[],[],62.43750000021464,other_legitimate,True
external-v2-0004,legitimate,legitimate,0.00024167710216715932,0.0002,hybrid_model_and_security_rules,[],[],103.51070000024265,other_legitimate,True
external-v2-0005,legitimate,legitimate,0.000263337220530957,0.0003,hybrid_model_and_security_rules,[],[],137.34849999991638,other_legitimate,True
external-v2-0006,legitimate,legitimate,0.0014004228869453073,0.0014,hybrid_model_and_security_rules,[],[],46.19110000021465,other_legitimate,True
external-v2-0007,legitimate,legitimate,0.00022104282106738538,0.0002,hybrid_model_and_security_rules,[],[],62.72850000004837,other_legitimate,True
external-v2-0008,legitimate,legitimate,0.0004900458152405918,0.0005,hybrid_model_and_security_rules,[],[],133.4697000002052,other_legitimate,True
external-v2-0009,legitimate,legitimate,0.7058653831481934,0.7059,hybrid_model_and_security_rules,[],[],133.4180999997443,other_legitimate,True
external-v2-0010,legitimate,legitimate,0.004675132222473621,0.0047,hybrid_model_and_security_rules,[],[],37.10629999977755,other_legitimate,True
external-v2-0011,legitimate,legitimate,0.0002604810579214245,0.0003,hybrid_model_and_security_rules,[],[],41.093499999988126,other_legitimate,True
external-v2-0012,legitimate,legitimate,0.0002987287298310548,0.0003,hybrid_model_and_security_rules,[],[],95.51280000005136,other_legitimate,True
external-v2-0013,legitimate,legitimate,0.0005498207756318152,0.0005,hybrid_model_and_security_rules,[],[],136.50049999978364,other_legitimate,True
external-v2-0014,legitimate,legitimate,0.00016879175382200629,0.0002,hybrid_model_and_security_rules,[],[],156.32540000024164,other_legitimate,True
external-v2-0015,legitimate,legitimate,0.0006176031311042607,0.0006,hybrid_model_and_security_rules,[],[],138.57800000005227,other_legitimate,True
external-v2-0016,legitimate,legitimate,0.00018176890444010496,0.0002,hybrid_model_and_security_rules,[],[],149.7575000003053,other_legitimate,True
external-v2-0017,legitimate,legitimate,0.0002908890601247549,0.0003,hybrid_model_and_security_rules,[],[],138.54639999999563,other_legitimate,True
external-v2-0018,legitimate,legitimate,0.00020976024097763002,0.0002,hybrid_model_and_security_rules,[],[],147.39629999985482,other_legitimate,True
external-v2-0019,legitimate,legitimate,0.0005040483083575964,0.0005,hybrid_model_and_security_rules,[],[],143.42100000021674,other_legitimate,True
external-v2-0020,legitimate,legitimate,0.00024429732002317905,0.0002,hybrid_model_and_security_rules,[],[],137.1737999998004,other_legitimate,True
external-v2-0021,legitimate,legitimate,0.0017397567862644792,0.0017,hybrid_model_and_security_rules,[],[],36.03019999991375,other_legitimate,True
external-v2-0022,legitimate,legitimate,0.00207989732734859,0.0021,hybrid_model_and_security_rules,[],[],67.82039999961853,other_legitimate,True
external-v2-0023,legitimate,legitimate,0.0003415891551412642,0.0003,hybrid_model_and_security_rules,[],[],111.5407000002051,other_legitimate,True
external-v2-0024,legitimate,legitimate,0.00456576282158494,0.0046,hybrid_model_and_security_rules,[],[],39.542199999687,other_legitimate,True
external-v2-0025,legitimate,legitimate,0.011683699674904346,0.0117,hybrid_model_and_security_rules,[],[],19.919300000310614,other_legitimate,True
external-v2-0026,legitimate,legitimate,0.0005623597535304725,0.0006,hybrid_model_and_security_rules,[],[],134.76660000014817,other_legitimate,True
external-v2-0027,legitimate,legitimate,0.0002456546062603593,0.0002,hybrid_model_and_security_rules,[],[],136.25630000024103,other_legitimate,True
external-v2-0028,legitimate,legitimate,0.00027147537912242115,0.0003,hybrid_model_and_security_rules,[],[],145.47670000001744,other_legitimate,True
external-v2-0029,legitimate,legitimate,0.0020810875575989485,0.0021,hybrid_model_and_security_rules,[],[],95.00550000029762,other_legitimate,True
external-v2-0030,legitimate,legitimate,0.000225583411520347,0.0002,hybrid_model_and_security_rules,[],[],134.4997000001058,other_legitimate,True
external-v2-0031,legitimate,legitimate,0.00021311704767867923,0.0002,hybrid_model_and_security_rules,[],[],108.67729999972653,other_legitimate,True
external-v2-0032,legitimate,legitimate,0.00023228074132930487,0.0002,hybrid_model_and_security_rules,[],[],131.36059999987992,other_legitimate,True
external-v2-0033,legitimate,legitimate,0.010036465711891651,0.01,hybrid_model_and_security_rules,[],[],136.03499999999258,other_legitimate,True
external-v2-0034,legitimate,legitimate,0.00044735189294442534,0.0004,hybrid_model_and_security_rules,[],[],133.5444000001189,other_legitimate,True
external-v2-0035,legitimate,legitimate,0.005781353451311588,0.0058,hybrid_model_and_security_rules,[],[],43.46170000007987,other_legitimate,True
external-v2-0036,legitimate,legitimate,0.000536000938154757,0.0005,hybrid_model_and_security_rules,[],[],143.06119999992006,other_legitimate,True
external-v2-0037,legitimate,legitimate,0.00031314408988691866,0.0003,hybrid_model_and_security_rules,[],[],48.09540000042034,other_legitimate,True
external-v2-0038,legitimate,legitimate,0.00043161341454833746,0.0004,hybrid_model_and_security_rules,[],[],135.2004999998826,other_legitimate,True
external-v2-0039,legitimate,legitimate,0.00027374099590815604,0.0003,hybrid_model_and_security_rules,[],[],137.87379999985205,other_legitimate,True
external-v2-0040,legitimate,legitimate,0.0003300633397884667,0.0003,hybrid_model_and_security_rules,[],[],130.01799999983632,other_legitimate,True
external-v2-0041,legitimate,legitimate,0.0002483262214809656,0.0002,hybrid_model_and_security_rules,[],[],133.10210000008738,other_legitimate,True
external-v2-0042,legitimate,legitimate,0.00020200980361551046,0.0002,hybrid_model_and_security_rules,[],[],138.63639999999577,other_legitimate,True
external-v2-0043,legitimate,legitimate,0.00165133411064744,0.0017,hybrid_model_and_security_rules,[],[],23.55039999974906,other_legitimate,True
external-v2-0044,legitimate,legitimate,0.0003670240403153002,0.0004,hybrid_model_and_security_rules,[],[],33.044799999970564,other_legitimate,True
external-v2-0045,legitimate,legitimate,0.00480057904496789,0.0048,hybrid_model_and_security_rules,[],[],139.73639999994703,other_legitimate,True
external-v2-0046,legitimate,legitimate,0.0003704882983583957,0.0004,hybrid_model_and_security_rules,[],[],35.761900000125024,other_legitimate,True
external-v2-0047,legitimate,legitimate,0.00029404208180494606,0.0003,hybrid_model_and_security_rules,[],[],131.03060000003097,other_legitimate,True
external-v2-0048,legitimate,legitimate,0.0006815753295086324,0.0007,hybrid_model_and_security_rules,[],[],79.71080000015718,other_legitimate,True
external-v2-0049,legitimate,legitimate,0.00022957281908020377,0.0002,hybrid_model_and_security_rules,[],[],130.45280000005732,other_legitimate,True
external-v2-0050,legitimate,legitimate,0.0004891460412181914,0.0005,hybrid_model_and_security_rules,[],[],113.11660000001211,other_legitimate,True
external-v2-0051,legitimate,legitimate,0.0008481417316943407,0.0008,hybrid_model_and_security_rules,[],[],43.43920000019352,other_legitimate,True
external-v2-0052,legitimate,legitimate,0.00026763181085698307,0.0003,hybrid_model_and_security_rules,[],[],79.83419999982289,other_legitimate,True
external-v2-0053,legitimate,legitimate,0.0023605823516845703,0.0024,hybrid_model_and_security_rules,[],[],124.1944000003059,other_legitimate,True
external-v2-0054,legitimate,legitimate,0.00026582321152091026,0.0003,hybrid_model_and_security_rules,[],[],50.358800000140036,other_legitimate,True
external-v2-0055,legitimate,legitimate,0.000502613082062453,0.0005,hybrid_model_and_security_rules,[],[],38.58039999977336,other_legitimate,True
external-v2-0056,legitimate,legitimate,0.0003134365251753479,0.0003,hybrid_model_and_security_rules,[],[],82.69560000007914,other_legitimate,True
external-v2-0057,legitimate,legitimate,0.00026372994761914015,0.0003,hybrid_model_and_security_rules,[],[],63.796999999794934,other_legitimate,True
external-v2-0058,legitimate,legitimate,0.0004304657632019371,0.0004,hybrid_model_and_security_rules,[],[],112.44200000010096,other_legitimate,True
external-v2-0059,legitimate,legitimate,0.00025642121909186244,0.0003,hybrid_model_and_security_rules,[],[],42.77920000004087,other_legitimate,True
external-v2-0060,legitimate,legitimate,0.000512710481416434,0.0005,hybrid_model_and_security_rules,[],[],103.72759999972914,other_legitimate,True
external-v2-0061,legitimate,legitimate,0.0004492047301027924,0.0004,hybrid_model_and_security_rules,[],[],31.309200000123383,other_legitimate,True
external-v2-0062,legitimate,legitimate,0.003866348648443818,0.0039,hybrid_model_and_security_rules,[],[],140.288099999907,other_legitimate,True
external-v2-0063,legitimate,legitimate,0.001109096803702414,0.0011,hybrid_model_and_security_rules,[],[],136.41310000002704,other_legitimate,True
external-v2-0064,legitimate,legitimate,0.00027799015515483916,0.0003,hybrid_model_and_security_rules,[],[],132.57119999980205,other_legitimate,True
external-v2-0065,legitimate,legitimate,0.0012256766203790903,0.0012,hybrid_model_and_security_rules,[],[],49.00439999983064,other_legitimate,True
external-v2-0066,legitimate,legitimate,0.00017608892812859267,0.0002,hybrid_model_and_security_rules,[],[],143.77829999966707,other_legitimate,True
external-v2-0067,legitimate,legitimate,0.00016701723507139832,0.0002,hybrid_model_and_security_rules,[],[],130.91999999960535,other_legitimate,True
external-v2-0068,legitimate,legitimate,0.0009399058180861175,0.0009,hybrid_model_and_security_rules,[],[],104.81250000020736,other_legitimate,True
external-v2-0069,legitimate,legitimate,0.00022303007426671684,0.0002,hybrid_model_and_security_rules,[],[],137.9012999996121,other_legitimate,True
external-v2-0070,legitimate,legitimate,0.0006040480802766979,0.0006,hybrid_model_and_security_rules,[],[],133.47250000015265,other_legitimate,True
external-v2-0071,legitimate,legitimate,0.00037861772580072284,0.0004,hybrid_model_and_security_rules,[],[],116.95400000007794,other_legitimate,True
external-v2-0072,legitimate,legitimate,0.0005049554747529328,0.0005,hybrid_model_and_security_rules,[],[],29.912899999999354,other_legitimate,True
external-v2-0073,legitimate,legitimate,0.0002640034072101116,0.0003,hybrid_model_and_security_rules,[],[],139.21979999986434,other_legitimate,True
external-v2-0074,legitimate,legitimate,0.0003013653331436217,0.0003,hybrid_model_and_security_rules,[],[],105.70030000008046,other_legitimate,True
external-v2-0075,legitimate,legitimate,0.0012473000679165125,0.0012,hybrid_model_and_security_rules,[],[],106.79330000039045,other_legitimate,True
external-v2-0076,legitimate,legitimate,0.00024584695347584784,0.0002,hybrid_model_and_security_rules,[],[],155.67430000010063,other_legitimate,True
external-v2-0077,legitimate,legitimate,0.0010136700002476573,0.001,hybrid_model_and_security_rules,[],[],65.1188000001639,other_legitimate,True
external-v2-0078,legitimate,legitimate,0.0003542463236954063,0.0004,hybrid_model_and_security_rules,[],[],136.67979999991076,other_legitimate,True
external-v2-0079,legitimate,legitimate,0.00025755810202099383,0.0003,hybrid_model_and_security_rules,[],[],34.84649999973044,other_legitimate,True
external-v2-0080,legitimate,legitimate,0.02135537564754486,0.0214,hybrid_model_and_security_rules,[],[],94.82530000013867,other_legitimate,True
external-v2-0081,legitimate,legitimate,0.00023435203183908015,0.0002,hybrid_model_and_security_rules,[],[],32.32130000014877,other_legitimate,True
external-v2-0082,legitimate,legitimate,0.0005226610228419304,0.0005,hybrid_model_and_security_rules,[],[],126.0216999999102,other_legitimate,True
external-v2-0083,legitimate,legitimate,0.055246733129024506,0.0552,hybrid_model_and_security_rules,[],[],24.77500000031796,other_legitimate,True
external-v2-0084,legitimate,legitimate,0.00036968247150070965,0.0004,hybrid_model_and_security_rules,[],[],101.86489999978221,other_legitimate,True
external-v2-0085,legitimate,legitimate,0.00035109015880152583,0.0004,hybrid_model_and_security_rules,[],[],87.15639999991254,other_legitimate,True
external-v2-0086,legitimate,legitimate,0.009519059211015701,0.0095,hybrid_model_and_security_rules,[],[],51.23989999992773,other_legitimate,True
external-v2-0087,legitimate,legitimate,0.04235440492630005,0.0424,hybrid_model_and_security_rules,[],[],24.347300000044925,other_legitimate,True
external-v2-0088,legitimate,legitimate,0.0050885421223938465,0.0051,hybrid_model_and_security_rules,[],[],85.39829999972426,other_legitimate,True
external-v2-0089,legitimate,legitimate,0.0020435901824384928,0.002,hybrid_model_and_security_rules,[],[],23.59759999990274,other_legitimate,True
external-v2-0090,legitimate,legitimate,0.0010623220587149262,0.0011,hybrid_model_and_security_rules,[],[],55.58110000038141,other_legitimate,True
external-v2-0091,legitimate,legitimate,0.0005722686182707548,0.0006,hybrid_model_and_security_rules,[],[],93.09970000003887,other_legitimate,True
external-v2-0092,legitimate,legitimate,0.0009353180648759007,0.0009,hybrid_model_and_security_rules,[],[],130.0874999997177,other_legitimate,True
external-v2-0093,legitimate,legitimate,0.00026342360069975257,0.0003,hybrid_model_and_security_rules,[],[],200.47660000000178,other_legitimate,True
external-v2-0094,legitimate,legitimate,0.0002973514492623508,0.0003,hybrid_model_and_security_rules,[],[],68.83540000035282,other_legitimate,True
external-v2-0095,legitimate,legitimate,0.0005581393488682806,0.0006,hybrid_model_and_security_rules,[],[],137.65960000000632,other_legitimate,True
external-v2-0096,legitimate,legitimate,0.00021098280558362603,0.0002,hybrid_model_and_security_rules,[],[],140.86820000011357,other_legitimate,True
external-v2-0097,legitimate,legitimate,0.0007531917071901262,0.0008,hybrid_model_and_security_rules,[],[],79.4608999999582,other_legitimate,True
external-v2-0098,legitimate,phishing,0.9489806294441223,0.949,hybrid_model_and_security_rules,[],[],19.86059999990175,other_legitimate,False
external-v2-0099,legitimate,legitimate,0.00018424744484946132,0.0002,hybrid_model_and_security_rules,[],[],84.86829999992551,other_legitimate,True
external-v2-0100,legitimate,legitimate,0.00041324301855638623,0.0004,hybrid_model_and_security_rules,[],[],99.68529999969178,other_legitimate,True
external-v2-0101,phishing,phishing,0.9976626634597778,0.9977,hybrid_model_and_security_rules,[],[],103.00619999998162,other_phishing,True
external-v2-0102,phishing,phishing,0.9996389150619507,0.9996,hybrid_model_and_security_rules,[],[],45.39840000006734,other_phishing,True
external-v2-0103,phishing,phishing,0.9995962977409363,0.9996,hybrid_model_and_security_rules,[],[],151.77479999965726,other_phishing,True
external-v2-0104,phishing,phishing,0.998924195766449,0.9989,hybrid_model_and_security_rules,[],[],123.99230000028183,other_phishing,True
external-v2-0105,phishing,phishing,0.9995383024215698,0.9995,hybrid_model_and_security_rules,[],[],72.18950000014956,other_phishing,True
external-v2-0106,phishing,phishing,0.9997730851173401,0.9998,hybrid_model_and_security_rules,[],[],41.51629999978468,other_phishing,True
external-v2-0107,phishing,phishing,0.9997676014900208,0.9998,hybrid_model_and_security_rules,[],[],36.206599999786704,other_phishing,True
external-v2-0108,phishing,phishing,0.9995039701461792,0.9995,hybrid_model_and_security_rules,[],[],40.227299999969546,other_phishing,True
external-v2-0109,phishing,phishing,0.9989159107208252,0.9989,hybrid_model_and_security_rules,[],[],54.230400000051304,other_phishing,True
external-v2-0110,phishing,phishing,0.9994762539863586,0.9995,hybrid_model_and_security_rules,[],[],88.448999999855,other_phishing,True
external-v2-0111,phishing,legitimate,0.758097231388092,0.7581,hybrid_model_and_security_rules,[],[],82.35849999982747,other_phishing,False
external-v2-0112,phishing,phishing,0.9996102452278137,0.9996,hybrid_model_and_security_rules,[],[],68.29659999993964,other_phishing,True
external-v2-0113,phishing,phishing,0.9998272061347961,0.9998,hybrid_model_and_security_rules,[],[],146.52939999996306,other_phishing,True
external-v2-0114,phishing,phishing,0.998023271560669,0.998,hybrid_model_and_security_rules,[],[],60.84400000008827,other_phishing,True
external-v2-0115,phishing,phishing,0.9989699125289917,0.999,hybrid_model_and_security_rules,[],[],96.64280000015424,other_phishing,True
external-v2-0116,phishing,phishing,0.9995379447937012,0.9995,hybrid_model_and_security_rules,[],[],78.79099999991013,other_phishing,True
external-v2-0117,phishing,phishing,0.9987743496894836,0.9988,hybrid_model_and_security_rules,[],[],20.62759999989794,other_phishing,True
external-v2-0118,phishing,phishing,0.9658958315849304,0.9659,hybrid_model_and_security_rules,[],[],136.40080000004673,other_phishing,True
external-v2-0119,phishing,phishing,0.9995245933532715,0.9995,hybrid_model_and_security_rules,[],[],32.552600000144594,other_phishing,True
external-v2-0120,phishing,phishing,0.996859073638916,0.9969,hybrid_model_and_security_rules,[],[],93.66200000022218,other_phishing,True
external-v2-0121,phishing,phishing,0.9998169541358948,0.9998,hybrid_model_and_security_rules,[],[],142.84070000030624,other_phishing,True
external-v2-0122,phishing,phishing,0.9995328187942505,0.9995,hybrid_model_and_security_rules,[],[],52.16539999992165,other_phishing,True
external-v2-0123,phishing,phishing,0.9997269511222839,0.9997,hybrid_model_and_security_rules,[],[],134.8204999999325,other_phishing,True
external-v2-0124,phishing,phishing,0.9998247027397156,0.9998,hybrid_model_and_security_rules,[],[],51.23830000002272,other_phishing,True
external-v2-0125,phishing,phishing,0.9981347322463989,0.9981,hybrid_model_and_security_rules,[],[],44.47329999993599,other_phishing,True
external-v2-0126,phishing,phishing,0.9981980919837952,0.9982,hybrid_model_and_security_rules,[],[],42.005499999959284,other_phishing,True
external-v2-0127,phishing,phishing,0.9996267557144165,0.9996,hybrid_model_and_security_rules,[],[],45.423399999890535,other_phishing,True
external-v2-0128,phishing,phishing,0.9996505975723267,0.9997,hybrid_model_and_security_rules,[],[],75.54280000022118,other_phishing,True
external-v2-0129,phishing,phishing,0.9996751546859741,0.9997,hybrid_model_and_security_rules,[],[],152.14390000028288,other_phishing,True
external-v2-0130,phishing,phishing,0.9996334314346313,0.9996,hybrid_model_and_security_rules,[],[],59.982400000080816,other_phishing,True
external-v2-0131,phishing,phishing,0.999419093132019,0.9994,hybrid_model_and_security_rules,[],[],85.19960000012361,other_phishing,True
external-v2-0132,phishing,phishing,0.9997119307518005,0.9997,hybrid_model_and_security_rules,[],[],81.20899999994435,other_phishing,True
external-v2-0133,phishing,phishing,0.9987614154815674,0.9988,hybrid_model_and_security_rules,[],[],72.10759999998118,other_phishing,True
external-v2-0134,phishing,phishing,0.9957962036132812,0.9958,hybrid_model_and_security_rules,[],[],51.188899999942805,other_phishing,True
external-v2-0135,phishing,phishing,0.9987269043922424,0.9987,hybrid_model_and_security_rules,[],[],71.12569999981133,other_phishing,True
external-v2-0136,phishing,phishing,0.999380350112915,0.9994,hybrid_model_and_security_rules,[],[],65.0591999997232,other_phishing,True
external-v2-0137,phishing,phishing,0.9996373653411865,0.9996,hybrid_model_and_security_rules,[],[],69.34309999996913,other_phishing,True
external-v2-0138,phishing,phishing,0.9996650218963623,0.9997,hybrid_model_and_security_rules,[],[],58.35030000025654,other_phishing,True
external-v2-0139,phishing,phishing,0.9954063892364502,0.9954,hybrid_model_and_security_rules,[],[],26.15009999999529,other_phishing,True
external-v2-0140,phishing,phishing,0.9977413415908813,0.9977,hybrid_model_and_security_rules,[],[],110.52419999987251,other_phishing,True
external-v2-0141,phishing,legitimate,0.6938968896865845,0.6939,hybrid_model_and_security_rules,[],[],62.55749999991167,other_phishing,False
external-v2-0142,phishing,phishing,0.9996846914291382,0.9997,hybrid_model_and_security_rules,[],[],52.83549999967363,other_phishing,True
external-v2-0143,phishing,phishing,0.9998513460159302,0.9999,hybrid_model_and_security_rules,[],[],63.42689999974027,other_phishing,True
external-v2-0144,phishing,phishing,0.9992650151252747,0.9993,hybrid_model_and_security_rules,[],[],106.07149999987087,other_phishing,True
external-v2-0145,phishing,phishing,0.9998376369476318,0.9998,hybrid_model_and_security_rules,[],[],130.30750000007174,other_phishing,True
external-v2-0146,phishing,phishing,0.9918036460876465,0.9918,hybrid_model_and_security_rules,[],[],86.1400999997386,other_phishing,True
external-v2-0147,phishing,phishing,0.9998185038566589,0.9998,hybrid_model_and_security_rules,[],[],138.01069999999527,other_phishing,True
external-v2-0148,phishing,phishing,0.9993472695350647,0.9993,hybrid_model_and_security_rules,[],[],33.197199999904115,other_phishing,True
external-v2-0149,phishing,phishing,0.9998286962509155,0.9998,hybrid_model_and_security_rules,[],[],153.97859999984576,other_phishing,True
external-v2-0150,phishing,phishing,0.9980510473251343,0.9981,hybrid_model_and_security_rules,[],[],115.53279999998267,other_phishing,True
external-v2-0151,phishing,phishing,0.9986333250999451,0.9986,hybrid_model_and_security_rules,[],[],32.92439999995622,other_phishing,True
external-v2-0152,phishing,phishing,0.9997054934501648,0.9997,hybrid_model_and_security_rules,[],[],69.92189999982656,other_phishing,True
external-v2-0153,phishing,phishing,0.9996676445007324,0.9997,hybrid_model_and_security_rules,[],[],143.51669999996375,other_phishing,True
external-v2-0154,phishing,phishing,0.9992479681968689,0.9992,hybrid_model_and_security_rules,[],[],50.60810000031779,other_phishing,True
external-v2-0155,phishing,phishing,0.9989377856254578,0.9989,hybrid_model_and_security_rules,[],[],43.58570000022155,other_phishing,True
external-v2-0156,phishing,phishing,0.9978652596473694,0.9979,hybrid_model_and_security_rules,[],[],142.67449999988457,other_phishing,True
external-v2-0157,phishing,phishing,0.9984342455863953,0.9984,hybrid_model_and_security_rules,[],[],137.92210000019622,other_phishing,True
external-v2-0158,phishing,phishing,0.9996414184570312,0.9996,hybrid_model_and_security_rules,[],[],50.672100000156206,other_phishing,True
external-v2-0159,phishing,phishing,0.9988898634910583,0.9989,hybrid_model_and_security_rules,[],[],91.35019999985161,other_phishing,True
external-v2-0160,phishing,phishing,0.9997268319129944,0.9997,hybrid_model_and_security_rules,[],[],38.21680000010019,other_phishing,True
external-v2-0161,phishing,phishing,0.8971475958824158,0.8971,hybrid_model_and_security_rules,[],[],108.28200000014476,other_phishing,True
external-v2-0162,phishing,phishing,0.9997227787971497,0.9997,hybrid_model_and_security_rules,[],[],81.91279999982726,other_phishing,True
external-v2-0163,phishing,phishing,0.999462902545929,0.9995,hybrid_model_and_security_rules,[],[],56.98560000018915,other_phishing,True
external-v2-0164,phishing,phishing,0.9994675517082214,0.9995,hybrid_model_and_security_rules,[],[],52.14209999985542,other_phishing,True
external-v2-0165,phishing,phishing,0.9997113347053528,0.9997,hybrid_model_and_security_rules,[],[],41.7355999998108,other_phishing,True
external-v2-0166,phishing,phishing,0.9996390342712402,0.9996,hybrid_model_and_security_rules,[],[],42.54179999998087,other_phishing,True
external-v2-0167,phishing,phishing,0.9997636675834656,0.9998,hybrid_model_and_security_rules,[],[],70.58090000009543,other_phishing,True
external-v2-0168,phishing,phishing,0.9995711445808411,0.9996,hybrid_model_and_security_rules,[],[],35.34300000001167,other_phishing,True
external-v2-0169,phishing,phishing,0.9980241060256958,0.998,hybrid_model_and_security_rules,[],[],139.04309999998077,other_phishing,True
external-v2-0170,phishing,phishing,0.9996194839477539,0.9996,hybrid_model_and_security_rules,[],[],93.9962999996169,other_phishing,True
external-v2-0171,phishing,phishing,0.9991756081581116,0.9992,hybrid_model_and_security_rules,[],[],137.09120000021358,other_phishing,True
external-v2-0172,phishing,phishing,0.9967767596244812,0.9968,hybrid_model_and_security_rules,[],[],60.76759999996284,other_phishing,True
external-v2-0173,phishing,phishing,0.996234118938446,0.9962,hybrid_model_and_security_rules,[],[],45.4052000000047,other_phishing,True
external-v2-0174,phishing,phishing,0.9991631507873535,0.9992,hybrid_model_and_security_rules,[],[],123.4057000001485,other_phishing,True
external-v2-0175,phishing,phishing,0.9995735287666321,0.9996,hybrid_model_and_security_rules,[],[],39.264900000034686,other_phishing,True
external-v2-0176,phishing,phishing,0.9998235106468201,0.9998,hybrid_model_and_security_rules,[],[],128.47150000015972,other_phishing,True
external-v2-0177,phishing,phishing,0.9998083710670471,0.9998,hybrid_model_and_security_rules,[],[],129.54080000008616,other_phishing,True
external-v2-0178,phishing,phishing,0.9997798800468445,0.9998,hybrid_model_and_security_rules,[],[],155.72479999991629,other_phishing,True
external-v2-0179,phishing,phishing,0.9978206157684326,0.9978,hybrid_model_and_security_rules,[],[],130.03430000026128,other_phishing,True
external-v2-0180,phishing,phishing,0.9994857311248779,0.9995,hybrid_model_and_security_rules,[],[],89.27100000028076,other_phishing,True
external-v2-0181,phishing,phishing,0.999803364276886,0.9998,hybrid_model_and_security_rules,[],[],124.51800000008006,other_phishing,True
external-v2-0182,phishing,phishing,0.9998250603675842,0.9998,hybrid_model_and_security_rules,[],[],139.7898999998688,other_phishing,True
external-v2-0183,phishing,phishing,0.9998553991317749,0.9999,hybrid_model_and_security_rules,[],[],146.9555999997283,other_phishing,True
external-v2-0184,phishing,phishing,0.9998579025268555,0.9999,hybrid_model_and_security_rules,[],[],107.43950000005498,other_phishing,True
external-v2-0185,phishing,phishing,0.9991864562034607,0.9992,hybrid_model_and_security_rules,[],[],127.26109999994151,other_phishing,True
external-v2-0186,phishing,phishing,0.9995881915092468,0.9996,hybrid_model_and_security_rules,[],[],130.84070000013526,other_phishing,True
external-v2-0187,phishing,phishing,0.9995018243789673,0.9995,hybrid_model_and_security_rules,[],[],126.87959999993836,other_phishing,True
external-v2-0188,phishing,phishing,0.9996883869171143,0.9997,hybrid_model_and_security_rules,[],[],124.42989999999554,other_phishing,True
external-v2-0189,phishing,phishing,0.9998610019683838,0.9999,hybrid_model_and_security_rules,[],[],127.50629999982266,other_phishing,True
external-v2-0190,phishing,phishing,0.9997827410697937,0.9998,hybrid_model_and_security_rules,[],[],131.0582000000977,other_phishing,True
external-v2-0191,phishing,phishing,0.9998088479042053,0.9998,hybrid_model_and_security_rules,[],[],128.95039999966684,other_phishing,True
external-v2-0192,phishing,legitimate,0.06398586928844452,0.064,hybrid_model_and_security_rules,[],[],57.41779999971186,other_phishing,False
external-v2-0193,phishing,phishing,0.9998255372047424,0.9998,hybrid_model_and_security_rules,[],[],128.09740000011516,other_phishing,True
external-v2-0194,phishing,phishing,0.9997935891151428,0.9998,hybrid_model_and_security_rules,[],[],129.87169999996695,other_phishing,True
external-v2-0195,phishing,phishing,0.9998067021369934,0.9998,hybrid_model_and_security_rules,[],[],131.9180000000415,other_phishing,True
external-v2-0196,phishing,phishing,0.9993773102760315,0.9994,hybrid_model_and_security_rules,[],[],135.98450000017692,other_phishing,True
external-v2-0197,phishing,phishing,0.9998175501823425,0.9998,hybrid_model_and_security_rules,[],[],128.5592999997789,other_phishing,True
external-v2-0198,phishing,phishing,0.9995599389076233,0.9996,hybrid_model_and_security_rules,[],[],131.23419999965336,other_phishing,True
external-v2-0199,phishing,phishing,0.9998421669006348,0.9998,hybrid_model_and_security_rules,[],[],132.30590000011944,other_phishing,True
external-v2-0200,phishing,phishing,0.9996777772903442,0.9997,hybrid_model_and_security_rules,[],[],131.97740000032354,other_phishing,True
external-v2-0201,phishing,phishing,0.9997850060462952,0.9998,hybrid_model_and_security_rules,[],[],137.54800000015166,other_phishing,True
external-v2-0202,phishing,phishing,0.9995800852775574,0.9996,hybrid_model_and_security_rules,[],[],131.89869999996517,other_phishing,True
external-v2-0203,phishing,phishing,0.9855309724807739,0.9855,hybrid_model_and_security_rules,[],[],146.95090000031996,other_phishing,True
external-v2-0204,phishing,phishing,0.9998024106025696,0.9998,hybrid_model_and_security_rules,[],[],137.86770000024262,other_phishing,True
external-v2-0205,phishing,phishing,0.9998468160629272,0.9998,hybrid_model_and_security_rules,[],[],128.11740000006466,other_phishing,True
external-v2-0206,phishing,phishing,0.9988211989402771,0.9988,hybrid_model_and_security_rules,[],[],137.7743000002738,other_phishing,True
external-v2-0207,phishing,phishing,0.9997479319572449,0.9997,hybrid_model_and_security_rules,[],[],132.8161999999793,other_phishing,True
external-v2-0208,phishing,phishing,0.9998455047607422,0.9998,hybrid_model_and_security_rules,[],[],137.37350000019433,other_phishing,True
external-v2-0209,phishing,phishing,0.9998440742492676,0.9998,hybrid_model_and_security_rules,[],[],119.85809999987396,other_phishing,True
external-v2-0210,phishing,phishing,0.9998575448989868,0.9999,hybrid_model_and_security_rules,[],[],113.42819999981657,other_phishing,True
external-v2-0211,phishing,phishing,0.9998050332069397,0.9998,hybrid_model_and_security_rules,[],[],125.44219999972483,other_phishing,True
external-v2-0212,phishing,phishing,0.9996623992919922,0.9997,hybrid_model_and_security_rules,[],[],133.99759999992966,other_phishing,True
external-v2-0213,phishing,phishing,0.9998414516448975,0.9998,hybrid_model_and_security_rules,[],[],134.00570000021617,other_phishing,True
external-v2-0214,phishing,phishing,0.9998180270195007,0.9998,hybrid_model_and_security_rules,[],[],127.57069999997839,other_phishing,True
external-v2-0215,phishing,phishing,0.9997699856758118,0.9998,hybrid_model_and_security_rules,[],[],126.70299999990675,other_phishing,True
external-v2-0216,phishing,phishing,0.9995538592338562,0.9996,hybrid_model_and_security_rules,[],[],133.56130000011035,other_phishing,True
external-v2-0217,phishing,phishing,0.9995273351669312,0.9995,hybrid_model_and_security_rules,[],[],128.52859999975408,other_phishing,True
external-v2-0218,phishing,phishing,0.9998213648796082,0.9998,hybrid_model_and_security_rules,[],[],132.18779999988328,other_phishing,True
external-v2-0219,phishing,phishing,0.9997488856315613,0.9997,hybrid_model_and_security_rules,[],[],128.10829999989437,other_phishing,True
external-v2-0220,phishing,phishing,0.9998031258583069,0.9998,hybrid_model_and_security_rules,[],[],133.91709999996237,other_phishing,True
external-v2-0221,phishing,phishing,0.9998272061347961,0.9998,hybrid_model_and_security_rules,[],[],131.3466999999946,other_phishing,True
external-v2-0222,phishing,phishing,0.9998557567596436,0.9999,hybrid_model_and_security_rules,[],[],134.3298000001596,other_phishing,True
external-v2-0223,phishing,phishing,0.9997442364692688,0.9997,hybrid_model_and_security_rules,[],[],127.27660000018659,other_phishing,True
external-v2-0224,phishing,phishing,0.9998069405555725,0.9998,hybrid_model_and_security_rules,[],[],131.50309999991805,other_phishing,True
external-v2-0225,phishing,phishing,0.999824583530426,0.9998,hybrid_model_and_security_rules,[],[],137.83310000007987,other_phishing,True
external-v2-0226,phishing,phishing,0.999724805355072,0.9997,hybrid_model_and_security_rules,[],[],144.491200000175,other_phishing,True
external-v2-0227,phishing,phishing,0.9981920123100281,0.9982,hybrid_model_and_security_rules,[],[],33.55809999993653,other_phishing,True
external-v2-0228,phishing,phishing,0.8958558440208435,0.8959,hybrid_model_and_security_rules,[],[],63.516100000015285,other_phishing,True
external-v2-0229,phishing,phishing,0.999813973903656,0.9998,hybrid_model_and_security_rules,[],[],129.7162999999273,other_phishing,True
external-v2-0230,phishing,phishing,0.9998045563697815,0.9998,hybrid_model_and_security_rules,[],[],128.1344000003628,other_phishing,True
external-v2-0231,phishing,phishing,0.9998582601547241,0.9999,hybrid_model_and_security_rules,[],[],134.43510000024617,other_phishing,True
external-v2-0232,phishing,phishing,0.9998817443847656,0.9999,hybrid_model_and_security_rules,[],[],136.43180000008215,other_phishing,True
external-v2-0233,phishing,phishing,0.9997193217277527,0.9997,hybrid_model_and_security_rules,[],[],138.00450000007913,other_phishing,True
external-v2-0234,phishing,phishing,0.9986416697502136,0.9986,hybrid_model_and_security_rules,[],[],115.3124000002208,other_phishing,True
external-v2-0235,phishing,phishing,0.9998003840446472,0.9998,hybrid_model_and_security_rules,[],[],158.24290000000474,other_phishing,True
external-v2-0236,phishing,phishing,0.9995778203010559,0.9996,hybrid_model_and_security_rules,[],[],131.34519999994154,other_phishing,True
external-v2-0237,phishing,phishing,0.9993245601654053,0.9993,hybrid_model_and_security_rules,[],[],114.78720000013709,other_phishing,True
external-v2-0238,phishing,phishing,0.9998637437820435,0.9999,hybrid_model_and_security_rules,[],[],124.18849999994563,other_phishing,True
external-v2-0239,phishing,phishing,0.897295355796814,0.8973,hybrid_model_and_security_rules,[],[],134.11470000028203,other_phishing,True
external-v2-0240,phishing,phishing,0.9994383454322815,0.9994,hybrid_model_and_security_rules,[],[],131.4329000001635,other_phishing,True
external-v2-0241,phishing,phishing,0.9998724460601807,0.9999,hybrid_model_and_security_rules,[],[],134.132099999988,other_phishing,True
external-v2-0242,phishing,phishing,0.9997069239616394,0.9997,hybrid_model_and_security_rules,[],[],120.23950000002515,other_phishing,True
external-v2-0243,phishing,phishing,0.9996693134307861,0.9997,hybrid_model_and_security_rules,[],[],56.53789999996661,other_phishing,True
external-v2-0244,phishing,phishing,0.9984301924705505,0.9984,hybrid_model_and_security_rules,[],[],127.87009999965449,other_phishing,True
external-v2-0245,phishing,phishing,0.9998657703399658,0.9999,hybrid_model_and_security_rules,[],[],123.63549999963652,other_phishing,True
external-v2-0246,phishing,phishing,0.9998480081558228,0.9998,hybrid_model_and_security_rules,[],[],127.97469999986788,other_phishing,True
external-v2-0247,phishing,phishing,0.9998629093170166,0.9999,hybrid_model_and_security_rules,[],[],126.4352000002873,other_phishing,True
external-v2-0248,phishing,phishing,0.9994907379150391,0.9995,hybrid_model_and_security_rules,[],[],132.06239999999525,other_phishing,True
external-v2-0249,phishing,phishing,0.999734103679657,0.9997,hybrid_model_and_security_rules,[],[],120.25600000015402,other_phishing,True
external-v2-0250,phishing,phishing,0.9998289346694946,0.9998,hybrid_model_and_security_rules,[],[],136.2527000001137,other_phishing,True
external-v2-0251,phishing,phishing,0.9965564012527466,0.9966,hybrid_model_and_security_rules,[],[],19.247700000050827,other_phishing,True
external-v2-0252,phishing,phishing,0.9998465776443481,0.9998,hybrid_model_and_security_rules,[],[],128.69409999984782,other_phishing,True
external-v2-0253,phishing,phishing,0.9997254014015198,0.9997,hybrid_model_and_security_rules,[],[],131.93550000005416,other_phishing,True
external-v2-0254,phishing,phishing,0.9998453855514526,0.9998,hybrid_model_and_security_rules,[],[],131.95150000001377,other_phishing,True
external-v2-0255,phishing,phishing,0.9982275366783142,0.9982,hybrid_model_and_security_rules,[],[],84.82980000007956,other_phishing,True
external-v2-0256,phishing,phishing,0.9996575117111206,0.9997,hybrid_model_and_security_rules,[],[],115.22110000032626,other_phishing,True
external-v2-0257,phishing,phishing,0.9998069405555725,0.9998,hybrid_model_and_security_rules,[],[],141.02049999974042,other_phishing,True
external-v2-0258,phishing,phishing,0.9962828755378723,0.9963,hybrid_model_and_security_rules,[],[],133.31160000007003,other_phishing,True
external-v2-0259,phishing,phishing,0.9986864924430847,0.9987,hybrid_model_and_security_rules,[],[],125.45819999968444,other_phishing,True
external-v2-0260,phishing,phishing,0.9998063445091248,0.9998,hybrid_model_and_security_rules,[],[],129.46130000000267,other_phishing,True
external-v2-0261,phishing,phishing,0.9998729228973389,0.9999,hybrid_model_and_security_rules,[],[],112.50470000004498,other_phishing,True
external-v2-0262,phishing,phishing,0.999826967716217,0.9998,hybrid_model_and_security_rules,[],[],124.24989999999525,other_phishing,True
external-v2-0263,phishing,phishing,0.9998562335968018,0.9999,hybrid_model_and_security_rules,[],[],141.8002999998862,other_phishing,True
external-v2-0264,phishing,phishing,0.9997426867485046,0.9997,hybrid_model_and_security_rules,[],[],135.46009999981834,other_phishing,True
external-v2-0265,phishing,phishing,0.9998247027397156,0.9998,hybrid_model_and_security_rules,[],[],140.0802999996813,other_phishing,True
external-v2-0266,phishing,phishing,0.9997912049293518,0.9998,hybrid_model_and_security_rules,[],[],142.55299999967974,other_phishing,True
external-v2-0267,phishing,phishing,0.9998414516448975,0.9998,hybrid_model_and_security_rules,[],[],138.93730000017968,other_phishing,True
external-v2-0268,phishing,phishing,0.9997836947441101,0.9998,hybrid_model_and_security_rules,[],[],139.18409999996584,other_phishing,True
external-v2-0269,phishing,phishing,0.9997420907020569,0.9997,hybrid_model_and_security_rules,[],[],136.61419999971258,other_phishing,True
external-v2-0270,phishing,phishing,0.9906161427497864,0.9906,hybrid_model_and_security_rules,[],[],141.67600000018865,other_phishing,True
external-v2-0271,phishing,phishing,0.9997974038124084,0.9998,hybrid_model_and_security_rules,[],[],134.9344000000201,other_phishing,True
external-v2-0272,phishing,phishing,0.9986445307731628,0.9986,hybrid_model_and_security_rules,[],[],125.32779999992272,other_phishing,True
external-v2-0273,phishing,phishing,0.9998682737350464,0.9999,hybrid_model_and_security_rules,[],[],127.40630000007513,other_phishing,True
external-v2-0274,phishing,phishing,0.9994774460792542,0.9995,hybrid_model_and_security_rules,[],[],128.58149999965462,other_phishing,True
external-v2-0275,phishing,phishing,0.9998151659965515,0.9998,hybrid_model_and_security_rules,[],[],131.68919999998252,other_phishing,True
external-v2-0276,legitimate,legitimate,0.0005447934963740408,0.0005,hybrid_model_and_security_rules,[],[],35.638899999867135,other_legitimate,True
external-v2-0277,legitimate,legitimate,0.0002654086274560541,0.0003,hybrid_model_and_security_rules,[],[],133.77949999994598,other_legitimate,True
external-v2-0278,legitimate,legitimate,0.0002367742854403332,0.0002,hybrid_model_and_security_rules,[],[],148.16160000009404,other_legitimate,True
external-v2-0279,legitimate,legitimate,0.0010941540822386742,0.0011,hybrid_model_and_security_rules,[],[],59.980800000175805,other_legitimate,True
external-v2-0280,legitimate,legitimate,0.0012037853011861444,0.0012,hybrid_model_and_security_rules,[],[],65.92369999998482,other_legitimate,True
external-v2-0281,legitimate,legitimate,0.00020044685516040772,0.0002,hybrid_model_and_security_rules,[],[],142.05009999977847,other_legitimate,True
external-v2-0282,legitimate,legitimate,0.008498399518430233,0.0085,hybrid_model_and_security_rules,[],[],144.50320000014472,other_legitimate,True
external-v2-0283,legitimate,legitimate,0.001021852600388229,0.001,hybrid_model_and_security_rules,[],[],92.09499999997206,other_legitimate,True
external-v2-0284,legitimate,legitimate,0.00026427689590491354,0.0003,hybrid_model_and_security_rules,[],[],129.64240000019345,other_legitimate,True
external-v2-0285,legitimate,legitimate,0.00031322173890657723,0.0003,hybrid_model_and_security_rules,[],[],140.95799999995506,other_legitimate,True
external-v2-0286,legitimate,legitimate,0.00024354984634555876,0.0002,hybrid_model_and_security_rules,[],[],108.96749999983513,other_legitimate,True
external-v2-0287,legitimate,legitimate,0.00027846390730701387,0.0003,hybrid_model_and_security_rules,[],[],156.3784999998461,other_legitimate,True
external-v2-0288,legitimate,legitimate,0.0002555050887167454,0.0003,hybrid_model_and_security_rules,[],[],126.03149999995367,other_legitimate,True
external-v2-0289,legitimate,legitimate,0.0003761308907996863,0.0004,hybrid_model_and_security_rules,[],[],124.09499999967011,other_legitimate,True
external-v2-0290,legitimate,legitimate,0.035785965621471405,0.0358,hybrid_model_and_security_rules,[],[],126.52159999970536,other_legitimate,True
external-v2-0291,legitimate,legitimate,0.0023767699021846056,0.0024,hybrid_model_and_security_rules,[],[],32.32780000007551,other_legitimate,True
external-v2-0292,legitimate,legitimate,0.0002680217148736119,0.0003,hybrid_model_and_security_rules,[],[],127.21240000018952,other_legitimate,True
external-v2-0293,legitimate,legitimate,0.0003580734191928059,0.0004,hybrid_model_and_security_rules,[],[],62.431500000002416,other_legitimate,True
external-v2-0294,legitimate,legitimate,0.0003905526828020811,0.0004,hybrid_model_and_security_rules,[],[],45.85619999988921,other_legitimate,True
external-v2-0295,legitimate,legitimate,0.0002705658262129873,0.0003,hybrid_model_and_security_rules,[],[],113.65990000012971,other_legitimate,True
external-v2-0296,legitimate,legitimate,0.00020565434533637017,0.0002,hybrid_model_and_security_rules,[],[],129.34110000014698,other_legitimate,True
external-v2-0297,legitimate,legitimate,0.0005744233494624496,0.0006,hybrid_model_and_security_rules,[],[],103.2497000001058,other_legitimate,True
external-v2-0298,legitimate,legitimate,0.0038530277088284492,0.0039,hybrid_model_and_security_rules,[],[],132.0875999999771,other_legitimate,True
external-v2-0299,legitimate,legitimate,0.00029031303711235523,0.0003,hybrid_model_and_security_rules,[],[],132.61569999986023,other_legitimate,True
external-v2-0300,legitimate,legitimate,0.0006367308087646961,0.0006,hybrid_model_and_security_rules,[],[],61.08150000000023,other_legitimate,True
external-v2-0301,legitimate,legitimate,0.001155167119577527,0.0012,hybrid_model_and_security_rules,[],[],58.168299999579176,other_legitimate,True
external-v2-0302,legitimate,legitimate,0.0004290898214094341,0.0004,hybrid_model_and_security_rules,[],[],67.97569999980624,other_legitimate,True
external-v2-0303,legitimate,legitimate,0.00030965873156674206,0.0003,hybrid_model_and_security_rules,[],[],84.92969999997513,other_legitimate,True
external-v2-0304,legitimate,legitimate,0.0003253570175729692,0.0003,hybrid_model_and_security_rules,[],[],137.40439999992304,other_legitimate,True
external-v2-0305,legitimate,legitimate,0.0019327529007568955,0.0019,hybrid_model_and_security_rules,[],[],59.76570000029824,other_legitimate,True
external-v2-0306,legitimate,legitimate,0.0011021295795217156,0.0011,hybrid_model_and_security_rules,[],[],57.9038999999284,other_legitimate,True
external-v2-0307,legitimate,legitimate,0.0004381140461191535,0.0004,hybrid_model_and_security_rules,[],[],150.31090000002223,other_legitimate,True
external-v2-0308,legitimate,legitimate,0.7928297519683838,0.7928,hybrid_model_and_security_rules,[],[],150.245399999676,other_legitimate,True
external-v2-0309,legitimate,legitimate,0.0013810442760586739,0.0014,hybrid_model_and_security_rules,[],[],45.658000000003085,other_legitimate,True
external-v2-0310,legitimate,legitimate,0.7037411332130432,0.7037,hybrid_model_and_security_rules,[],[],22.414299999582,other_legitimate,True
external-v2-0311,legitimate,legitimate,0.0018292294116690755,0.0018,hybrid_model_and_security_rules,[],[],49.050699999952485,other_legitimate,True
external-v2-0312,legitimate,legitimate,0.0002992104273289442,0.0003,hybrid_model_and_security_rules,[],[],151.98140000029525,other_legitimate,True
external-v2-0313,legitimate,legitimate,0.0006220295326784253,0.0006,hybrid_model_and_security_rules,[],[],146.58490000010715,other_legitimate,True
external-v2-0314,legitimate,legitimate,0.0010045785456895828,0.001,hybrid_model_and_security_rules,[],[],42.00679999985368,other_legitimate,True
external-v2-0315,legitimate,legitimate,0.013831422664225101,0.0138,hybrid_model_and_security_rules,[],[],136.2088999999287,other_legitimate,True
external-v2-0316,legitimate,legitimate,0.0004102788807358593,0.0004,hybrid_model_and_security_rules,[],[],132.8096000002006,other_legitimate,True
external-v2-0317,legitimate,legitimate,0.00021490412473212928,0.0002,hybrid_model_and_security_rules,[],[],127.7724000001399,other_legitimate,True
external-v2-0318,legitimate,legitimate,0.0009143326315097511,0.0009,hybrid_model_and_security_rules,[],[],31.639000000268425,other_legitimate,True
external-v2-0319,legitimate,legitimate,0.0005693464772775769,0.0006,hybrid_model_and_security_rules,[],[],108.41949999985445,other_legitimate,True
external-v2-0320,legitimate,legitimate,0.0006545512587763369,0.0007,hybrid_model_and_security_rules,[],[],57.26060000006328,other_legitimate,True
external-v2-0321,legitimate,legitimate,0.002162591554224491,0.0022,hybrid_model_and_security_rules,[],[],133.42019999981858,other_legitimate,True
external-v2-0322,legitimate,legitimate,0.0002983598387800157,0.0003,hybrid_model_and_security_rules,[],[],134.2426000001069,other_legitimate,True
external-v2-0323,legitimate,legitimate,0.00023887376300990582,0.0002,hybrid_model_and_security_rules,[],[],135.7017000000269,other_legitimate,True
external-v2-0324,legitimate,legitimate,0.0003184588858857751,0.0003,hybrid_model_and_security_rules,[],[],54.776700000275014,other_legitimate,True
external-v2-0325,legitimate,legitimate,0.010513191111385822,0.0105,hybrid_model_and_security_rules,[],[],89.6560999999565,other_legitimate,True
external-v2-0326,legitimate,legitimate,0.0998869240283966,0.0999,hybrid_model_and_security_rules,[],[],64.92170000001352,other_legitimate,True
external-v2-0327,legitimate,legitimate,0.003494307631626725,0.0035,hybrid_model_and_security_rules,[],[],54.02460000004794,other_legitimate,True
external-v2-0328,legitimate,legitimate,0.0005946122691966593,0.0006,hybrid_model_and_security_rules,[],[],106.49169999987862,other_legitimate,True
external-v2-0329,legitimate,legitimate,0.002476269379258156,0.0025,hybrid_model_and_security_rules,[],[],51.67480000000069,other_legitimate,True
external-v2-0330,legitimate,legitimate,0.0001832713169278577,0.0002,hybrid_model_and_security_rules,[],[],100.25640000003477,other_legitimate,True
external-v2-0331,legitimate,legitimate,0.00035308717633597553,0.0004,hybrid_model_and_security_rules,[],[],143.4097000001202,other_legitimate,True
external-v2-0332,legitimate,legitimate,0.0003000491124112159,0.0003,hybrid_model_and_security_rules,[],[],134.05599999987317,other_legitimate,True
external-v2-0333,legitimate,legitimate,0.00027989884256385267,0.0003,hybrid_model_and_security_rules,[],[],66.83809999958612,other_legitimate,True
external-v2-0334,legitimate,legitimate,0.00047796248691156507,0.0005,hybrid_model_and_security_rules,[],[],66.11460000021907,other_legitimate,True
external-v2-0335,legitimate,legitimate,0.00034974003210663795,0.0003,hybrid_model_and_security_rules,[],[],135.33189999998285,other_legitimate,True
external-v2-0336,legitimate,legitimate,0.0006962588522583246,0.0007,hybrid_model_and_security_rules,[],[],129.5772999997098,other_legitimate,True
external-v2-0337,legitimate,legitimate,0.0025815595872700214,0.0026,hybrid_model_and_security_rules,[],[],128.37319999971442,other_legitimate,True
external-v2-0338,legitimate,legitimate,0.0073724002577364445,0.0074,hybrid_model_and_security_rules,[],[],144.54099999966274,other_legitimate,True
external-v2-0339,legitimate,legitimate,0.021026747301220894,0.021,hybrid_model_and_security_rules,[],[],134.43009999991773,other_legitimate,True
external-v2-0340,legitimate,legitimate,0.0003571199194993824,0.0004,hybrid_model_and_security_rules,[],[],58.044299999892246,other_legitimate,True
external-v2-0341,legitimate,legitimate,0.0006804029108025134,0.0007,hybrid_model_and_security_rules,[],[],33.43009999980495,other_legitimate,True
external-v2-0342,legitimate,legitimate,0.0042727296240627766,0.0043,hybrid_model_and_security_rules,[],[],127.52270000009958,other_legitimate,True
external-v2-0343,legitimate,legitimate,0.00031695200596004725,0.0003,hybrid_model_and_security_rules,[],[],85.997000000134,other_legitimate,True
external-v2-0344,legitimate,legitimate,0.0010301778092980385,0.001,hybrid_model_and_security_rules,[],[],117.81889999974737,other_legitimate,True
external-v2-0345,legitimate,legitimate,0.0011791858123615384,0.0012,hybrid_model_and_security_rules,[],[],96.26709999974992,other_legitimate,True
external-v2-0346,legitimate,legitimate,0.00043391596409492195,0.0004,hybrid_model_and_security_rules,[],[],138.63010000022769,other_legitimate,True
external-v2-0347,legitimate,legitimate,0.0008626163471490145,0.0009,hybrid_model_and_security_rules,[],[],72.35539999965113,other_legitimate,True
external-v2-0348,legitimate,legitimate,0.0003525037900544703,0.0004,hybrid_model_and_security_rules,[],[],131.1848000000282,other_legitimate,True
external-v2-0349,legitimate,legitimate,0.0019426062935963273,0.0019,hybrid_model_and_security_rules,[],[],48.647600000094826,other_legitimate,True
external-v2-0350,legitimate,legitimate,0.0002594220277387649,0.0003,hybrid_model_and_security_rules,[],[],74.59640000024592,other_legitimate,True
external-v2-0351,legitimate,legitimate,0.0004401090263854712,0.0004,hybrid_model_and_security_rules,[],[],131.30720000026486,other_legitimate,True
external-v2-0352,legitimate,legitimate,0.0004525778931565583,0.0005,hybrid_model_and_security_rules,[],[],59.53490000001693,other_legitimate,True
external-v2-0353,legitimate,legitimate,0.0005770287825725973,0.0006,hybrid_model_and_security_rules,[],[],134.72040000033303,other_legitimate,True
external-v2-0354,legitimate,legitimate,0.12195762246847153,0.122,hybrid_model_and_security_rules,[],[],58.73680000013337,other_legitimate,True
external-v2-0355,legitimate,legitimate,0.00042684274376370013,0.0004,hybrid_model_and_security_rules,[],[],138.53419999986727,other_legitimate,True
external-v2-0356,legitimate,legitimate,0.0006775634828954935,0.0007,hybrid_model_and_security_rules,[],[],138.37560000001758,other_legitimate,True
external-v2-0357,legitimate,legitimate,0.00038249423960223794,0.0004,hybrid_model_and_security_rules,[],[],140.00549999991563,other_legitimate,True
external-v2-0358,legitimate,legitimate,0.00023699742450844496,0.0002,hybrid_model_and_security_rules,[],[],78.42699999991964,other_legitimate,True
external-v2-0359,legitimate,legitimate,0.046165186911821365,0.0462,hybrid_model_and_security_rules,[],[],137.2865000003003,other_legitimate,True
external-v2-0360,legitimate,legitimate,0.00017738822498358786,0.0002,hybrid_model_and_security_rules,[],[],101.76599999977043,other_legitimate,True
external-v2-0361,legitimate,legitimate,0.0014430274022743106,0.0014,hybrid_model_and_security_rules,[],[],70.65770000008342,other_legitimate,True
external-v2-0362,legitimate,legitimate,0.0004492781881708652,0.0004,hybrid_model_and_security_rules,[],[],136.3096999998561,other_legitimate,True
external-v2-0363,legitimate,legitimate,0.00047933607129380107,0.0005,hybrid_model_and_security_rules,[],[],142.73920000005091,other_legitimate,True
external-v2-0364,legitimate,legitimate,0.003659700509160757,0.0037,hybrid_model_and_security_rules,[],[],50.358500000129425,other_legitimate,True
external-v2-0365,legitimate,legitimate,0.00025466285296715796,0.0003,hybrid_model_and_security_rules,[],[],55.805099999815866,other_legitimate,True
external-v2-0366,legitimate,legitimate,0.0006682624225504696,0.0007,hybrid_model_and_security_rules,[],[],135.01459999997678,other_legitimate,True
external-v2-0367,legitimate,legitimate,0.00022862500918563455,0.0002,hybrid_model_and_security_rules,[],[],83.3146999998462,other_legitimate,True
external-v2-0368,legitimate,legitimate,0.00018111406825482845,0.0002,hybrid_model_and_security_rules,[],[],144.07970000002024,other_legitimate,True
external-v2-0369,legitimate,legitimate,0.0003353277570568025,0.0003,hybrid_model_and_security_rules,[],[],128.50780000007944,other_legitimate,True
external-v2-0370,legitimate,legitimate,0.00022378560970537364,0.0002,hybrid_model_and_security_rules,[],[],156.1333999998169,other_legitimate,True
external-v2-0371,legitimate,legitimate,0.004278966225683689,0.0043,hybrid_model_and_security_rules,[],[],142.65199999999822,other_legitimate,True
external-v2-0372,legitimate,legitimate,0.0003158392501063645,0.0003,hybrid_model_and_security_rules,[],[],141.5277999999489,other_legitimate,True
external-v2-0373,legitimate,legitimate,0.00035430912976153195,0.0004,hybrid_model_and_security_rules,[],[],79.27560000007361,other_legitimate,True
external-v2-0374,legitimate,legitimate,0.0004067739355377853,0.0004,hybrid_model_and_security_rules,[],[],120.97480000011274,other_legitimate,True
external-v2-0375,legitimate,legitimate,0.00031223605037666857,0.0003,hybrid_model_and_security_rules,[],[],122.84610000006069,other_legitimate,True
external-v2-0376,legitimate,legitimate,0.0017218663124367595,0.0017,hybrid_model,[],[],61.54209999976956,other_legitimate,True
external-v2-0377,legitimate,legitimate,0.001357885543256998,0.0014,hybrid_model,[],[],133.87680000005275,other_legitimate,True
external-v2-0378,legitimate,legitimate,0.0008997716940939426,0.0009,hybrid_model,[],[],110.09299999977884,other_legitimate,True
external-v2-0379,legitimate,legitimate,0.0006419050041586161,0.0006,hybrid_model,[],[],130.56039999992208,other_legitimate,True
external-v2-0380,legitimate,legitimate,0.0014491340843960643,0.0014,hybrid_model,[],[],121.0163000000648,other_legitimate,True
external-v2-0381,legitimate,legitimate,0.00033464431180618703,0.0003,hybrid_model,[],[],126.80670000008831,other_legitimate,True
external-v2-0382,legitimate,legitimate,0.0006086603971198201,0.0006,hybrid_model,[],[],131.57540000020163,other_legitimate,True
external-v2-0383,legitimate,legitimate,0.0005071183550171554,0.0005,hybrid_model,[],[],136.4944000001742,other_legitimate,True
external-v2-0384,legitimate,legitimate,0.0002886303991544992,0.0003,hybrid_model,[],[],137.26880000012898,other_legitimate,True
external-v2-0385,legitimate,legitimate,0.0003050460363738239,0.0003,hybrid_model,[],[],129.87100000009377,other_legitimate,True
external-v2-0386,legitimate,legitimate,0.0005029169260524213,0.0005,hybrid_model,[],[],132.58799999994153,other_legitimate,True
external-v2-0387,legitimate,legitimate,0.055691201239824295,0.0557,hybrid_model,[],[],129.5455999998012,other_legitimate,True
external-v2-0388,legitimate,legitimate,0.0005322135984897614,0.0005,hybrid_model,[],[],137.11819999980435,other_legitimate,True
external-v2-0389,legitimate,legitimate,0.0003090897516813129,0.0003,hybrid_model,[],[],58.69480000001204,other_legitimate,True
external-v2-0390,legitimate,legitimate,0.037406500428915024,0.0374,hybrid_model,[],[],143.27170000024125,other_legitimate,True
external-v2-0391,legitimate,legitimate,0.0005026547587476671,0.0005,hybrid_model,[],[],69.45310000037352,other_legitimate,True
external-v2-0392,legitimate,legitimate,0.07059695571660995,0.0706,hybrid_model,[],[],128.7027000003036,other_legitimate,True
external-v2-0393,legitimate,legitimate,0.0008493151981383562,0.0008,hybrid_model,[],[],131.61189999982525,other_legitimate,True
external-v2-0394,legitimate,legitimate,0.0007550205918960273,0.0008,hybrid_model,[],[],129.48649999998452,other_legitimate,True
external-v2-0395,legitimate,legitimate,0.0006787837482988834,0.0007,hybrid_model,[],[],135.6394999997974,other_legitimate,True
external-v2-0396,legitimate,legitimate,0.00018836806702893227,0.0002,hybrid_model,[],[],136.11459999992803,other_legitimate,True
external-v2-0397,legitimate,legitimate,0.0003047347126994282,0.0003,hybrid_model,[],[],77.76399999966088,other_legitimate,True
external-v2-0398,legitimate,legitimate,0.0005747689283452928,0.0006,hybrid_model,[],[],81.3772000001336,other_legitimate,True
external-v2-0399,legitimate,legitimate,0.00021217545145191252,0.0002,hybrid_model,[],[],83.14200000040728,other_legitimate,True
external-v2-0400,legitimate,legitimate,0.010232966393232346,0.0102,hybrid_model,[],[],40.932499999598804,other_legitimate,True
external-v2-0401,legitimate,legitimate,0.0008780156495049596,0.0009,hybrid_model,[],[],132.83469999987574,other_legitimate,True
external-v2-0402,legitimate,legitimate,0.006325995549559593,0.0063,hybrid_model,[],[],139.8866999998063,other_legitimate,True
external-v2-0403,legitimate,legitimate,0.0006065848283469677,0.0006,hybrid_model,[],[],145.81020000014178,other_legitimate,True
external-v2-0404,legitimate,legitimate,0.003970426972955465,0.004,hybrid_model,[],[],44.74359999994704,other_legitimate,True
external-v2-0405,legitimate,legitimate,0.0006025705952197313,0.0006,hybrid_model,[],[],131.43739999986792,other_legitimate,True
external-v2-0406,legitimate,legitimate,0.0074712298810482025,0.0075,hybrid_model,[],[],135.36979999980758,other_legitimate,True
external-v2-0407,legitimate,legitimate,0.24717868864536285,0.2472,hybrid_model,[],[],29.52080000022761,other_legitimate,True
external-v2-0408,legitimate,legitimate,0.0012307591969147325,0.0012,hybrid_model,[],[],133.29700000031153,other_legitimate,True
external-v2-0409,legitimate,legitimate,0.0004901714855805039,0.0005,hybrid_model,[],[],127.64500000002954,other_legitimate,True
external-v2-0410,legitimate,legitimate,0.0024357822258025408,0.0024,hybrid_model,[],[],142.4127000000226,other_legitimate,True
external-v2-0411,legitimate,legitimate,0.0005702722119167447,0.0006,hybrid_model,[],[],66.66660000018965,other_legitimate,True
external-v2-0412,legitimate,legitimate,0.012667132541537285,0.0127,hybrid_model,[],[],131.4540999997007,other_legitimate,True
external-v2-0413,legitimate,legitimate,0.00048415909986943007,0.0005,hybrid_model,[],[],127.04150000035952,other_legitimate,True
external-v2-0414,legitimate,legitimate,0.7466447353363037,0.7466,hybrid_model,[],[],133.14630000013494,other_legitimate,True
external-v2-0415,legitimate,legitimate,0.0037830595392733812,0.0038,hybrid_model,[],[],142.35880000023826,other_legitimate,True
external-v2-0416,legitimate,legitimate,0.031952179968357086,0.032,hybrid_model,[],[],131.51279999965482,other_legitimate,True
external-v2-0417,legitimate,legitimate,0.0003791643539443612,0.0004,hybrid_model,[],[],97.63730000031501,other_legitimate,True
external-v2-0418,legitimate,legitimate,0.0010424534557387233,0.001,hybrid_model,[],[],132.01379999964047,other_legitimate,True
external-v2-0419,legitimate,legitimate,0.0026208849158138037,0.0026,hybrid_model,[],[],137.61040000008506,other_legitimate,True
external-v2-0420,legitimate,legitimate,0.0004339575534686446,0.0004,hybrid_model,[],[],97.9087000000618,other_legitimate,True
external-v2-0421,legitimate,legitimate,0.00037871734821237624,0.0004,hybrid_model,[],[],139.30640000035055,other_legitimate,True
external-v2-0422,legitimate,legitimate,0.0008726156665943563,0.0009,hybrid_model,[],[],28.19439999984752,other_legitimate,True
external-v2-0423,legitimate,legitimate,0.002844990696758032,0.0028,hybrid_model,[],[],49.87970000001951,other_legitimate,True
external-v2-0424,legitimate,legitimate,0.0010857891757041216,0.0011,hybrid_model,[],[],133.1396999999015,other_legitimate,True
external-v2-0425,legitimate,legitimate,0.0006002642912790179,0.0006,hybrid_model,[],[],111.59780000025421,other_legitimate,True
external-v2-0426,legitimate,legitimate,0.5047357082366943,0.5047,hybrid_model,[],[],40.99690000020928,other_legitimate,True
external-v2-0427,legitimate,legitimate,0.0029653836973011494,0.003,hybrid_model,[],[],135.4734000001372,other_legitimate,True
external-v2-0428,legitimate,legitimate,0.00037778986734338105,0.0004,hybrid_model,[],[],133.93709999991188,other_legitimate,True
external-v2-0429,legitimate,legitimate,0.0011511539341881871,0.0012,hybrid_model,[],[],132.53069999973377,other_legitimate,True
external-v2-0430,legitimate,legitimate,0.0008082357235252857,0.0008,hybrid_model,[],[],140.88539999966088,other_legitimate,True
external-v2-0431,legitimate,legitimate,0.00030412693740800023,0.0003,hybrid_model,[],[],70.38969999985056,other_legitimate,True
external-v2-0432,legitimate,legitimate,0.0023798609618097544,0.0024,hybrid_model,[],[],134.55620000013369,other_legitimate,True
external-v2-0433,legitimate,legitimate,0.008650747127830982,0.0087,hybrid_model,[],[],112.96350000020539,other_legitimate,True
external-v2-0434,legitimate,legitimate,0.0023652473464608192,0.0024,hybrid_model,[],[],131.10879999976532,other_legitimate,True
external-v2-0435,legitimate,legitimate,0.44662660360336304,0.4466,hybrid_model,[],[],49.35810000006313,other_legitimate,True
external-v2-0436,legitimate,legitimate,0.0015267456183210015,0.0015,hybrid_model,[],[],134.14130000001023,other_legitimate,True
external-v2-0437,legitimate,legitimate,0.0006942317122593522,0.0007,hybrid_model,[],[],141.13589999988108,other_legitimate,True
external-v2-0438,legitimate,legitimate,0.0004270839272066951,0.0004,hybrid_model,[],[],85.08720000008907,other_legitimate,True
external-v2-0439,legitimate,legitimate,0.0024102528113871813,0.0024,hybrid_model,[],[],38.570500000332686,other_legitimate,True
external-v2-0440,legitimate,legitimate,0.0017081014811992645,0.0017,hybrid_model,[],[],87.82980000023599,other_legitimate,True
external-v2-0441,legitimate,legitimate,0.4661305248737335,0.4661,hybrid_model,[],[],145.5812999997761,other_legitimate,True
external-v2-0442,legitimate,legitimate,0.0004046430694870651,0.0004,hybrid_model,[],[],139.42690000021685,other_legitimate,True
external-v2-0443,legitimate,legitimate,0.01737678050994873,0.0174,hybrid_model,[],[],134.59849999981088,other_legitimate,True
external-v2-0444,legitimate,legitimate,0.000193087020306848,0.0002,hybrid_model,[],[],132.6417999998739,other_legitimate,True
external-v2-0445,legitimate,legitimate,0.04513339325785637,0.0451,hybrid_model,[],[],136.45089999999982,other_legitimate,True
external-v2-0446,legitimate,legitimate,0.42141228914260864,0.4214,hybrid_model,[],[],127.72809999978563,other_legitimate,True
external-v2-0447,legitimate,legitimate,0.00025254860520362854,0.0003,hybrid_model,[],[],99.20180000017353,other_legitimate,True
external-v2-0448,legitimate,legitimate,0.0006792302592657506,0.0007,hybrid_model,[],[],129.96499999962907,other_legitimate,True
external-v2-0449,legitimate,legitimate,0.0018125483766198158,0.0018,hybrid_model,[],[],25.674099999832833,other_legitimate,True
external-v2-0450,legitimate,phishing,0.993023157119751,0.993,hybrid_model,[],[],139.9517999998352,other_legitimate,False
external-v2-0451,legitimate,legitimate,0.004788093268871307,0.0048,hybrid_model,[],[],140.24789999984932,other_legitimate,True
external-v2-0452,legitimate,legitimate,0.011844477616250515,0.0118,hybrid_model,[],[],142.72609999989072,other_legitimate,True
external-v2-0453,legitimate,legitimate,0.0011815058533102274,0.0012,hybrid_model,[],[],62.94000000025335,other_legitimate,True
external-v2-0454,legitimate,legitimate,0.0015968902735039592,0.0016,hybrid_model,[],[],70.99190000008093,other_legitimate,True
external-v2-0455,legitimate,legitimate,0.0006275916821323335,0.0006,hybrid_model,[],[],132.86910000033458,other_legitimate,True
external-v2-0456,legitimate,legitimate,0.001649964484386146,0.0016,hybrid_model,[],[],35.1157999998577,other_legitimate,True
external-v2-0457,legitimate,legitimate,0.0009803514694795012,0.001,hybrid_model,[],[],140.67209999984698,other_legitimate,True
external-v2-0458,legitimate,legitimate,0.00784832239151001,0.0078,hybrid_model,[],[],132.52710000006118,other_legitimate,True
external-v2-0459,legitimate,legitimate,0.000573088473174721,0.0006,hybrid_model,[],[],134.65469999982815,other_legitimate,True
external-v2-0460,legitimate,legitimate,0.00038584781577810645,0.0004,hybrid_model,[],[],122.14360000007218,other_legitimate,True
external-v2-0461,legitimate,legitimate,0.0004075842152815312,0.0004,hybrid_model,[],[],43.717300000025716,other_legitimate,True
external-v2-0462,legitimate,legitimate,0.005255173426121473,0.0053,hybrid_model,[],[],117.61210000031497,other_legitimate,True
external-v2-0463,legitimate,legitimate,0.00044229478226043284,0.0004,hybrid_model,[],[],109.66490000009799,other_legitimate,True
external-v2-0464,legitimate,legitimate,0.00026837075711227953,0.0003,hybrid_model,[],[],82.40890000024592,other_legitimate,True
external-v2-0465,legitimate,legitimate,0.000634031486697495,0.0006,hybrid_model,[],[],134.66969999990397,other_legitimate,True
external-v2-0466,legitimate,legitimate,0.0005014064954593778,0.0005,hybrid_model,[],[],116.2242000000333,other_legitimate,True
external-v2-0467,legitimate,legitimate,0.0013385765487328172,0.0013,hybrid_model,[],[],147.96909999995478,other_legitimate,True
external-v2-0468,legitimate,legitimate,0.00313655287027359,0.0031,hybrid_model,[],[],130.6746000000203,other_legitimate,True
external-v2-0469,legitimate,legitimate,0.003198405262082815,0.0032,hybrid_model,[],[],136.61910000018906,other_legitimate,True
external-v2-0470,legitimate,legitimate,0.016804678365588188,0.0168,hybrid_model,[],[],134.37260000000606,other_legitimate,True
external-v2-0471,legitimate,legitimate,0.0011007640277966857,0.0011,hybrid_model,[],[],132.72280000001047,other_legitimate,True
external-v2-0472,legitimate,legitimate,0.0015401651617139578,0.0015,hybrid_model,[],[],134.0460000001258,other_legitimate,True
external-v2-0473,legitimate,legitimate,0.0004279225831851363,0.0004,hybrid_model,[],[],148.49249999997483,other_legitimate,True
external-v2-0474,legitimate,legitimate,0.00021029473282396793,0.0002,hybrid_model,[],[],134.6637000001465,other_legitimate,True
external-v2-0475,legitimate,legitimate,0.001840105396695435,0.0018,hybrid_model,[],[],136.63020000012693,other_legitimate,True
